category,generic_item,exact_name
Bakery,Bread,Bread
Bakery,Burger Buns,Buns
Bakery,Burger Buns (GF),Gf buns
Bakery,Keto Bread,Keto bread
Bakery,Pies,Victor pies
Bakery,Pizza Base,Bases
Bakery,Pizza Base (GF),Gf bases
Bakery,Pork Buns,Buns pork x 1
Bakery,Red Bean Buns,Buns red bean
Bakery,Tortillas (GF),Gf tortillas
Bakery,Wraps,Wraps
Bakery,Wraps,Wraps
Beverages,Beer,Beer
Beverages,Beer,Beer
Beverages,Coffee Bags,Coffee bags
Beverages,Coffee Beans,Coffee beans
Beverages,Wine,Red wine
Canned Goods,Anchovies,Anchovies
Canned Goods,Beans,Black beans or kidney beans
Canned Goods,Black Beans,Black beans
Canned Goods,Black Beans,Black beans 1/2 can
Canned Goods,Chickpeas,2 x chickpeas cans
Canned Goods,Chickpeas,Chickpeas 1/2 can
Canned Goods,Chickpeas,2 x chickpeas cans
Canned Goods,Chilli Beans,Chilli beans
Canned Goods,Tomatoes,Chopped tomatoes
Canned Goods,Tomatoes,Chopped tomatoes
Canned Goods,Tomatoes,5 × 400 g tins peeled plum tomatoes
Canned Goods,Tuna,Tuna
Canned Goods,Tuna,Big tuna
Cereals & Breakfast,Cereal,Kids cereal
Cereals & Breakfast,Granola,Granola
Condiments & Sauces,Mayonnaise,Mayo
Condiments & Sauces,Mayonnaise,Mayo
Confectionery,Chocolate,Dark chocolate
Dairy,Butter,50 g butter
Dairy,Cheese,Cheese x 2
Dairy,Cheese,Cheese
Dairy,Cheese,Cheese
Dairy,Cheese,Cheese
Dairy,Eggs,Eggs
Dairy,Milk,Milk x 4
Dairy,Milk,Dairy milk
Dairy,Milk,500 ml milk
Dairy,Yoghurt,"Yoghurt for dad, K, V"
Dairy Alternative,Soy Cream,Soy cream
Dairy Alternative,Whipped Cream,Soy whipped cream
Deli,Bacon,Bacon
Deli,Chorizo,Chorizo x 2
Deli,Ham or Chicken,Ham or shredded chicken
Deli,Hummus,Hummus
Deli,Hummus,Hummus x 2
Deli,Salami,Salami
Deli,Salami Sticks,Salami sticks
Frozen,Blueberries,Blueberries
Frozen,Chicken,1 pack chicken
Frozen,Chicken Pieces,Chicken pieces x 2
Frozen,Corn,Corn
Frozen,Corn,Frozen corn
Frozen,Corn,Corn
Frozen,Corn,Corn
Frozen,Corn,Corn
Frozen,Dumplings,Dumplings
Frozen,Edamame,Edamame
Frozen,Mango,Mango x 2
Frozen,Mango,Mango
Frozen,Peas,Peas
Frozen,Peas or Edamame,Peas or edamame
Frozen,Ready Meal,Ratatouille
Frozen,Strawberries,Strawberries
Frozen,Strawberries,Strawberries
Household,Aluminium Foil,Aluminum foil
Household,Baking Paper,Baking paper
Household,Bin Bags,Kitchen bags
Household,Dish Soap,Dish wash
Household,Facial Tissues,Tissues
Household,Paper Towels,Paper towel
Household,Stain Remover,Vanish oxy action spray
Household,Tape,Sellotape
Household,Tape,Packing tape
Household,Toilet Paper,Tp
Meat & Poultry,Chicken,Chicken drum sticks or whole chicken
Meat & Poultry,Lamb,Lamb for bbq
Meat & Poultry,Lamb Mince,"Lamb mince (shepherds pie, spaghetti bolognaise, chilli con carne"
Meat & Poultry,Lamb Shoulder Chops,4 x lamb shoulder chops
Meat & Poultry,Mince,1kg mince
Meat & Poultry,Pork,Pork
Meat & Poultry,Pork,Leftover pork (from p. 26) – about 500 g
Meat & Poultry,Pork Mince,500g pork mince
Meat & Poultry,Pork Mince,500g pork mince
Meat & Poultry,Pork Mince,1kg pork mince
Meat & Poultry,Pork Shoulder,"2.5 kg pork shoulder, boned (not rolled), skin scored"
Meat & Poultry,Sausages,Sausies
Pantry,Artichokes,Artichokes
Pantry,Bay Leaves,5 bay leaves
Pantry,Chia Seeds,Chia seeds
Pantry,Chia Seeds,Chia
Pantry,Chicken Stock,Chicken stock
Pantry,Chilli Flakes,1 tsp dried chilli flakes
Pantry,Coconut Milk,Coconut milk
Pantry,Curry,Curry
Pantry,Flour,50 g flour
Pantry,Gherkins,Gherkins
Pantry,Jam,Jam
Pantry,Lentils,Lentils
Pantry,Lentils,Lentils
Pantry,Lentils,Lentils
Pantry,Miso Soup,Miso soup
Pantry,Mustard Powder,Mustard powder
Pantry,Noodles,Noodles
Pantry,Nutmeg,1 tsp freshly grated nutmeg
Pantry,Olive Oil,Olive oil
Pantry,Olive Oil,Extra-virgin olive oil
Pantry,Olives,Olives
Pantry,Oregano,½ tsp dried oregano
Pantry,Paprika,Paprika
Pantry,Paprika,Paprika
Pantry,Passata,Pasatta
Pantry,Passata,Pasatta x 2
Pantry,Pasta,Spaghetti
Pantry,Pasta,Fettuccini
Pantry,Pasta,12 sheets dried lasagne
Pantry,Peanut Butter,Pb
Pantry,Pickles,Pickles
Pantry,Quinoa,Quinoa
Pantry,Salt and Pepper,Salt and pepper
Pantry,Salt and Pepper,Salt and pepper
Pantry,Seasoning,Seasoning
Pantry,Soup,Soups x 2
Pantry,Sun-Dried Tomatoes,Sun-dried toms
Pantry,Sweetener,Sweetner
Pantry,Taco Kit,Taco kit
Pantry,Thyme,Thyme
Pantry,Tomato Paste,Tomato paste
Pantry,Tomato Sauce,Half the leftover tomato sauce (from p. 27) – about 300 g
Personal Care,Toothpaste,Adult toothpaste
Personal Care,Worming Tablets,Vermox
Pet Food,Cat Food,Cat food
Pet Food,Dog Roll,Dog roll
Produce,Apple,Apples
Produce,Avocado,Avos x 2
Produce,Banana,Bananas
Produce,Broccoli,Broc
Produce,Broccoli,Broc
Produce,Broccoli,1 head broccoli
Produce,Cabbage,Cabbage
Produce,Capsicum,Capsicum
Produce,Carrot,Carrots
Produce,Carrot,Carrots
Produce,Carrot,Carrot
Produce,Carrot,Carrots
Produce,Carrot,Carrots
Produce,Carrot,Carrot
Produce,Cauliflower,Cauliflower
Produce,Cauliflower,Cauli
Produce,Cauliflower,Cauliflower
Produce,Cherry Tomato,Baby Toms
Produce,Courgette,Courgette
Produce,Garlic,Garlic
Produce,Garlic,Garlic
Produce,Garlic,Garlic
Produce,Garlic,Garlic
Produce,Garlic,Garlic
Produce,Garlic,"6 garlic cloves, peeled and smashed"
Produce,Kumara,1 x purple Kumara
Produce,Lettuce,Lettuce
Produce,Lettuce,Lettuce
Produce,Mixed Fruit,Seasonal fruit
Produce,Mixed Vegetables,"Veg for rice, pie, or tomato pasta"
Produce,Onion,Onions
Produce,Onion,Onion
Produce,Onion,Onion
Produce,Onion,Onion
Produce,Onion,Onions
Produce,Onion,"2 onions, peeled and diced"
Produce,Orange,Oranges
Produce,Potato,Potatoes
Produce,Potato,Potatoes
Produce,Potato,Potatoes
Produce,Potato,Potatoes
Produce,Potato,Potatoes
Produce,Potato,Potatoes
Produce,Rosemary,"4 branches rosemary, leaves stripped (stalks optional for stock)"
Produce,Tomato,Big Toms
Seafood,Salmon,Salmon
Snacks,Cassava Chips,Cassava chips
Snacks,Corn Chips,Nachos
Snacks,Corn Thins,Corn thins
Snacks,Pecans,Pecans
Snacks,Popcorn,Popcorn
Snacks,Snack Bars,Bars
Snacks,Snack Bars (Vegan),Bars V
